-5;Смартфон APPLE iPhone 6 16Gb Space Gray;Самый модный смартфон;40000.0
-4;LED телевизор SONY KDL;Самый яркий телевизор;21000.0
-3;Мясорубка MOULINEX HV4 ME;Рубит мясо просто супер;10000.0
-2;Вертикальный пылесос PHILIPS;Электрошвабра;18000.0
-1;Компьютерный стол AKMA;Широкий стол с тумбой;9000.0
0;Product-0;DESCRIPTION;1234.5
1;Product-1;DESCRIPTION;1234.5
2;Product-2;DESCRIPTION;1234.5
3;Product-3;DESCRIPTION;1234.5
4;Product-4;DESCRIPTION;1234.5
5;Product-5;DESCRIPTION;1234.5
6;Product-6;DESCRIPTION;1234.5
7;Product-7;DESCRIPTION;1234.5
8;Product-8;DESCRIPTION;1234.5
9;Product-9;DESCRIPTION;1234.5
10;Product-10;DESCRIPTION;1234.5
11;Product-11;DESCRIPTION;1234.5
12;Product-12;DESCRIPTION;1234.5
13;Product-13;DESCRIPTION;1234.5
14;Product-14;DESCRIPTION;1234.5
15;Product-15;DESCRIPTION;1234.5
16;Product-16;DESCRIPTION;1234.5
17;Product-17;DESCRIPTION;1234.5
18;Product-18;DESCRIPTION;1234.5
19;Product-19;DESCRIPTION;1234.5
20;Product-20;DESCRIPTION;1234.5
21;Product-21;DESCRIPTION;1234.5
22;Product-22;DESCRIPTION;1234.5
23;Product-23;DESCRIPTION;1234.5
24;Product-24;DESCRIPTION;1234.5
25;Product-25;DESCRIPTION;1234.5
26;Product-26;DESCRIPTION;1234.5
27;Product-27;DESCRIPTION;1234.5
28;Product-28;DESCRIPTION;1234.5
29;Product-29;DESCRIPTION;1234.5
30;Product-30;DESCRIPTION;1234.5
31;Product-31;DESCRIPTION;1234.5
32;Product-32;DESCRIPTION;1234.5
33;Product-33;DESCRIPTION;1234.5
34;Product-34;DESCRIPTION;1234.5
35;Product-35;DESCRIPTION;1234.5
36;Product-36;DESCRIPTION;1234.5
37;Product-37;DESCRIPTION;1234.5
38;Product-38;DESCRIPTION;1234.5
39;Product-39;DESCRIPTION;1234.5
40;Product-40;DESCRIPTION;1234.5
41;Product-41;DESCRIPTION;1234.5
42;Product-42;DESCRIPTION;1234.5
43;Product-43;DESCRIPTION;1234.5
44;Product-44;DESCRIPTION;1234.5
45;Product-45;DESCRIPTION;1234.5
46;Product-46;DESCRIPTION;1234.5
47;Product-47;DESCRIPTION;1234.5
48;Product-48;DESCRIPTION;1234.5
49;Product-49;DESCRIPTION;1234.5
50;Product-50;DESCRIPTION;1234.5
51;Product-51;DESCRIPTION;1234.5
52;Product-52;DESCRIPTION;1234.5
53;Product-53;DESCRIPTION;1234.5
54;Product-54;DESCRIPTION;1234.5
55;Product-55;DESCRIPTION;1234.5
56;Product-56;DESCRIPTION;1234.5
57;Product-57;DESCRIPTION;1234.5
58;Product-58;DESCRIPTION;1234.5
59;Product-59;DESCRIPTION;1234.5
60;Product-60;DESCRIPTION;1234.5
61;Product-61;DESCRIPTION;1234.5
62;Product-62;DESCRIPTION;1234.5
63;Product-63;DESCRIPTION;1234.5
64;Product-64;DESCRIPTION;1234.5
65;Product-65;DESCRIPTION;1234.5
66;Product-66;DESCRIPTION;1234.5
67;Product-67;DESCRIPTION;1234.5
68;Product-68;DESCRIPTION;1234.5
69;Product-69;DESCRIPTION;1234.5
70;Product-70;DESCRIPTION;1234.5
71;Product-71;DESCRIPTION;1234.5
72;Product-72;DESCRIPTION;1234.5
73;Product-73;DESCRIPTION;1234.5
74;Product-74;DESCRIPTION;1234.5
75;Product-75;DESCRIPTION;1234.5
76;Product-76;DESCRIPTION;1234.5
77;Product-77;DESCRIPTION;1234.5
78;Product-78;DESCRIPTION;1234.5
79;Product-79;DESCRIPTION;1234.5
80;Product-80;DESCRIPTION;1234.5
81;Product-81;DESCRIPTION;1234.5
82;Product-82;DESCRIPTION;1234.5
83;Product-83;DESCRIPTION;1234.5
84;Product-84;DESCRIPTION;1234.5
85;Product-85;DESCRIPTION;1234.5
86;Product-86;DESCRIPTION;1234.5
87;Product-87;DESCRIPTION;1234.5
88;Product-88;DESCRIPTION;1234.5
89;Product-89;DESCRIPTION;1234.5
90;Product-90;DESCRIPTION;1234.5
91;Product-91;DESCRIPTION;1234.5
92;Product-92;DESCRIPTION;1234.5
93;Product-93;DESCRIPTION;1234.5
94;Product-94;DESCRIPTION;1234.5
95;Product-95;DESCRIPTION;1234.5
96;Product-96;DESCRIPTION;1234.5
97;Product-97;DESCRIPTION;1234.5
98;Product-98;DESCRIPTION;1234.5
99;Product-99;DESCRIPTION;1234.5
100;Product-100;DESCRIPTION;1234.5
101;Product-101;DESCRIPTION;1234.5
102;Product-102;DESCRIPTION;1234.5
103;Product-103;DESCRIPTION;1234.5
104;Product-104;DESCRIPTION;1234.5
105;Product-105;DESCRIPTION;1234.5
106;Product-106;DESCRIPTION;1234.5
107;Product-107;DESCRIPTION;1234.5
108;Product-108;DESCRIPTION;1234.5
109;Product-109;DESCRIPTION;1234.5
110;Product-110;DESCRIPTION;1234.5
111;Product-111;DESCRIPTION;1234.5
112;Product-112;DESCRIPTION;1234.5
113;Product-113;DESCRIPTION;1234.5
114;Product-114;DESCRIPTION;1234.5
115;Product-115;DESCRIPTION;1234.5
116;Product-116;DESCRIPTION;1234.5
117;Product-117;DESCRIPTION;1234.5
118;Product-118;DESCRIPTION;1234.5
119;Product-119;DESCRIPTION;1234.5
120;Product-120;DESCRIPTION;1234.5
121;Product-121;DESCRIPTION;1234.5
122;Product-122;DESCRIPTION;1234.5
123;Product-123;DESCRIPTION;1234.5
124;Product-124;DESCRIPTION;1234.5
125;Product-125;DESCRIPTION;1234.5
126;Product-126;DESCRIPTION;1234.5
127;Product-127;DESCRIPTION;1234.5
128;Product-128;DESCRIPTION;1234.5
129;Product-129;DESCRIPTION;1234.5
130;Product-130;DESCRIPTION;1234.5
131;Product-131;DESCRIPTION;1234.5
132;Product-132;DESCRIPTION;1234.5
133;Product-133;DESCRIPTION;1234.5
134;Product-134;DESCRIPTION;1234.5
135;Product-135;DESCRIPTION;1234.5
136;Product-136;DESCRIPTION;1234.5
137;Product-137;DESCRIPTION;1234.5
138;Product-138;DESCRIPTION;1234.5
139;Product-139;DESCRIPTION;1234.5
140;Product-140;DESCRIPTION;1234.5
141;Product-141;DESCRIPTION;1234.5
142;Product-142;DESCRIPTION;1234.5
143;Product-143;DESCRIPTION;1234.5
144;Product-144;DESCRIPTION;1234.5
145;Product-145;DESCRIPTION;1234.5
146;Product-146;DESCRIPTION;1234.5
147;Product-147;DESCRIPTION;1234.5
148;Product-148;DESCRIPTION;1234.5
149;Product-149;DESCRIPTION;1234.5
150;Product-150;DESCRIPTION;1234.5
151;Product-151;DESCRIPTION;1234.5
152;Product-152;DESCRIPTION;1234.5
153;Product-153;DESCRIPTION;1234.5
154;Product-154;DESCRIPTION;1234.5
155;Product-155;DESCRIPTION;1234.5
156;Product-156;DESCRIPTION;1234.5
157;Product-157;DESCRIPTION;1234.5
158;Product-158;DESCRIPTION;1234.5
159;Product-159;DESCRIPTION;1234.5
160;Product-160;DESCRIPTION;1234.5
161;Product-161;DESCRIPTION;1234.5
162;Product-162;DESCRIPTION;1234.5
163;Product-163;DESCRIPTION;1234.5
164;Product-164;DESCRIPTION;1234.5
165;Product-165;DESCRIPTION;1234.5
166;Product-166;DESCRIPTION;1234.5
167;Product-167;DESCRIPTION;1234.5
168;Product-168;DESCRIPTION;1234.5
169;Product-169;DESCRIPTION;1234.5
170;Product-170;DESCRIPTION;1234.5
171;Product-171;DESCRIPTION;1234.5
172;Product-172;DESCRIPTION;1234.5
173;Product-173;DESCRIPTION;1234.5
174;Product-174;DESCRIPTION;1234.5
175;Product-175;DESCRIPTION;1234.5
176;Product-176;DESCRIPTION;1234.5
177;Product-177;DESCRIPTION;1234.5
178;Product-178;DESCRIPTION;1234.5
179;Product-179;DESCRIPTION;1234.5
180;Product-180;DESCRIPTION;1234.5
181;Product-181;DESCRIPTION;1234.5
182;Product-182;DESCRIPTION;1234.5
183;Product-183;DESCRIPTION;1234.5
184;Product-184;DESCRIPTION;1234.5
185;Product-185;DESCRIPTION;1234.5
186;Product-186;DESCRIPTION;1234.5
187;Product-187;DESCRIPTION;1234.5
188;Product-188;DESCRIPTION;1234.5
189;Product-189;DESCRIPTION;1234.5
190;Product-190;DESCRIPTION;1234.5
191;Product-191;DESCRIPTION;1234.5
192;Product-192;DESCRIPTION;1234.5
193;Product-193;DESCRIPTION;1234.5
194;Product-194;DESCRIPTION;1234.5
195;Product-195;DESCRIPTION;1234.5
196;Product-196;DESCRIPTION;1234.5
197;Product-197;DESCRIPTION;1234.5
198;Product-198;DESCRIPTION;1234.5
199;Product-199;DESCRIPTION;1234.5
200;Product-200;DESCRIPTION;1234.5
201;Product-201;DESCRIPTION;1234.5
202;Product-202;DESCRIPTION;1234.5
203;Product-203;DESCRIPTION;1234.5
204;Product-204;DESCRIPTION;1234.5
205;Product-205;DESCRIPTION;1234.5
206;Product-206;DESCRIPTION;1234.5
207;Product-207;DESCRIPTION;1234.5
208;Product-208;DESCRIPTION;1234.5
209;Product-209;DESCRIPTION;1234.5
210;Product-210;DESCRIPTION;1234.5
211;Product-211;DESCRIPTION;1234.5
212;Product-212;DESCRIPTION;1234.5
213;Product-213;DESCRIPTION;1234.5
214;Product-214;DESCRIPTION;1234.5
215;Product-215;DESCRIPTION;1234.5
216;Product-216;DESCRIPTION;1234.5
217;Product-217;DESCRIPTION;1234.5
218;Product-218;DESCRIPTION;1234.5
219;Product-219;DESCRIPTION;1234.5
220;Product-220;DESCRIPTION;1234.5
221;Product-221;DESCRIPTION;1234.5
222;Product-222;DESCRIPTION;1234.5
223;Product-223;DESCRIPTION;1234.5
224;Product-224;DESCRIPTION;1234.5
225;Product-225;DESCRIPTION;1234.5
226;Product-226;DESCRIPTION;1234.5
227;Product-227;DESCRIPTION;1234.5
228;Product-228;DESCRIPTION;1234.5
229;Product-229;DESCRIPTION;1234.5
230;Product-230;DESCRIPTION;1234.5
231;Product-231;DESCRIPTION;1234.5
232;Product-232;DESCRIPTION;1234.5
233;Product-233;DESCRIPTION;1234.5
234;Product-234;DESCRIPTION;1234.5
235;Product-235;DESCRIPTION;1234.5
236;Product-236;DESCRIPTION;1234.5
237;Product-237;DESCRIPTION;1234.5
238;Product-238;DESCRIPTION;1234.5
239;Product-239;DESCRIPTION;1234.5
240;Product-240;DESCRIPTION;1234.5
241;Product-241;DESCRIPTION;1234.5
242;Product-242;DESCRIPTION;1234.5
243;Product-243;DESCRIPTION;1234.5
244;Product-244;DESCRIPTION;1234.5
245;Product-245;DESCRIPTION;1234.5
246;Product-246;DESCRIPTION;1234.5
247;Product-247;DESCRIPTION;1234.5
248;Product-248;DESCRIPTION;1234.5
249;Product-249;DESCRIPTION;1234.5
250;Product-250;DESCRIPTION;1234.5
251;Product-251;DESCRIPTION;1234.5
252;Product-252;DESCRIPTION;1234.5
253;Product-253;DESCRIPTION;1234.5
254;Product-254;DESCRIPTION;1234.5
255;Product-255;DESCRIPTION;1234.5
256;Product-256;DESCRIPTION;1234.5
257;Product-257;DESCRIPTION;1234.5
258;Product-258;DESCRIPTION;1234.5
259;Product-259;DESCRIPTION;1234.5
260;Product-260;DESCRIPTION;1234.5
261;Product-261;DESCRIPTION;1234.5
262;Product-262;DESCRIPTION;1234.5
263;Product-263;DESCRIPTION;1234.5
264;Product-264;DESCRIPTION;1234.5
265;Product-265;DESCRIPTION;1234.5
266;Product-266;DESCRIPTION;1234.5
267;Product-267;DESCRIPTION;1234.5
268;Product-268;DESCRIPTION;1234.5
269;Product-269;DESCRIPTION;1234.5
270;Product-270;DESCRIPTION;1234.5
271;Product-271;DESCRIPTION;1234.5
272;Product-272;DESCRIPTION;1234.5
273;Product-273;DESCRIPTION;1234.5
274;Product-274;DESCRIPTION;1234.5
275;Product-275;DESCRIPTION;1234.5
276;Product-276;DESCRIPTION;1234.5
277;Product-277;DESCRIPTION;1234.5
278;Product-278;DESCRIPTION;1234.5
279;Product-279;DESCRIPTION;1234.5
280;Product-280;DESCRIPTION;1234.5
281;Product-281;DESCRIPTION;1234.5
282;Product-282;DESCRIPTION;1234.5
283;Product-283;DESCRIPTION;1234.5
284;Product-284;DESCRIPTION;1234.5
285;Product-285;DESCRIPTION;1234.5
286;Product-286;DESCRIPTION;1234.5
287;Product-287;DESCRIPTION;1234.5
288;Product-288;DESCRIPTION;1234.5
289;Product-289;DESCRIPTION;1234.5
290;Product-290;DESCRIPTION;1234.5
291;Product-291;DESCRIPTION;1234.5
292;Product-292;DESCRIPTION;1234.5
293;Product-293;DESCRIPTION;1234.5
294;Product-294;DESCRIPTION;1234.5
295;Product-295;DESCRIPTION;1234.5
296;Product-296;DESCRIPTION;1234.5
297;Product-297;DESCRIPTION;1234.5
298;Product-298;DESCRIPTION;1234.5
299;Product-299;DESCRIPTION;1234.5
300;Product-300;DESCRIPTION;1234.5
301;Product-301;DESCRIPTION;1234.5
302;Product-302;DESCRIPTION;1234.5
303;Product-303;DESCRIPTION;1234.5
304;Product-304;DESCRIPTION;1234.5
305;Product-305;DESCRIPTION;1234.5
306;Product-306;DESCRIPTION;1234.5
307;Product-307;DESCRIPTION;1234.5
308;Product-308;DESCRIPTION;1234.5
309;Product-309;DESCRIPTION;1234.5
310;Product-310;DESCRIPTION;1234.5
311;Product-311;DESCRIPTION;1234.5
312;Product-312;DESCRIPTION;1234.5
313;Product-313;DESCRIPTION;1234.5
314;Product-314;DESCRIPTION;1234.5
315;Product-315;DESCRIPTION;1234.5
316;Product-316;DESCRIPTION;1234.5
317;Product-317;DESCRIPTION;1234.5
318;Product-318;DESCRIPTION;1234.5
319;Product-319;DESCRIPTION;1234.5
320;Product-320;DESCRIPTION;1234.5
321;Product-321;DESCRIPTION;1234.5
322;Product-322;DESCRIPTION;1234.5
323;Product-323;DESCRIPTION;1234.5
324;Product-324;DESCRIPTION;1234.5
325;Product-325;DESCRIPTION;1234.5
326;Product-326;DESCRIPTION;1234.5
327;Product-327;DESCRIPTION;1234.5
328;Product-328;DESCRIPTION;1234.5
329;Product-329;DESCRIPTION;1234.5
330;Product-330;DESCRIPTION;1234.5
331;Product-331;DESCRIPTION;1234.5
332;Product-332;DESCRIPTION;1234.5
333;Product-333;DESCRIPTION;1234.5
334;Product-334;DESCRIPTION;1234.5
335;Product-335;DESCRIPTION;1234.5
336;Product-336;DESCRIPTION;1234.5
337;Product-337;DESCRIPTION;1234.5
338;Product-338;DESCRIPTION;1234.5
339;Product-339;DESCRIPTION;1234.5
340;Product-340;DESCRIPTION;1234.5
341;Product-341;DESCRIPTION;1234.5
342;Product-342;DESCRIPTION;1234.5
343;Product-343;DESCRIPTION;1234.5
344;Product-344;DESCRIPTION;1234.5
345;Product-345;DESCRIPTION;1234.5
346;Product-346;DESCRIPTION;1234.5
